[root@ip-192-168-10-145 ec2-user]# mysql -h secondarydb-rr.crfotwmgdizc.ap-southeast-2.rds.amazonaws.com -uadmin -p
Enter password:
Welcome to the MariaDB monitor.  Commands end with ; or \g.
Your MySQL connection id is 24
Server version: 8.0.17 Source distribution

Copyright (c) 2000, 2018, Oracle, MariaDB Corporation Ab and others.

Type 'help;' or '\h' for help. Type '\c' to clear the current input statement.

MySQL [(none)]> show databases;
+--------------------+
| Database           |
+--------------------+
| information_schema |
| mysql              |
| performance_schema |
| udacity            |
+--------------------+
4 rows in set (0.00 sec)

MySQL [(none)]> use udacity;
Reading table information for completion of table and column names
You can turn off this feature to get a quicker startup with -A

Database changed
MySQL [udacity]> show tables;
+-------------------+
| Tables_in_udacity |
+-------------------+
| Persons           |
+-------------------+
1 row in set (0.00 sec)

MySQL [udacity]> select * from Persons;
+----------+----------+-----------+-----------+------+
| PersonID | LastName | FirstName | Address   | City |
+----------+----------+-----------+-----------+------+
|      123 | Pawar    | Prasanna  | singapore | SG   |
|      456 | Wick     | John      | USA       | CA   |
+----------+----------+-----------+-----------+------+
2 rows in set (0.00 sec)

MySQL [udacity]> INSERT INTO Persons VALUES (123,'Gregory','Peter','USA','AT');
ERROR 1290 (HY000): The MySQL server is running with the --read-only option so it cannot execute this statement
MySQL [udacity]> select * from Persons;
+----------+----------+-----------+-----------+------+
| PersonID | LastName | FirstName | Address   | City |
+----------+----------+-----------+-----------+------+
|      123 | Pawar    | Prasanna  | singapore | SG   |
|      456 | Wick     | John      | USA       | CA   |
+----------+----------+-----------+-----------+------+
2 rows in set (0.00 sec)

MySQL [udacity]>
